Heading,Url,Description
What is Robotic Process Automation - RPA Software | UiPath,https://www.uipath.com/rpa/robotic-process-automation,Robotic process automation or RPA handles repetitive business processes using software robots to perform ...
RPA In 5 Minutes | What Is RPA - Robotic Process Automation ...,https://www.youtube.com/watch?v=9URSbTOE4YI,"This video on ""What is RPA"" provides a simple introduction to RPA and its concepts. We learn about ..."
What an RPA Developer Does | Automation Anywhere,https://www.automationanywhere.com/company/blog/company-culture/what-an-rpa-developer-does,The Robotic Process Automation (RPA) field is growing and leading to new jobs. Learn what skills an RPA ...
Become an RPA Developer - Udacity,https://www.udacity.com/course/rpa-developer-nanodegree--nd340,Technology is facing a tipping point and Robotic Process Automation (RPA) is the catalyst. Over 60% of all ...
RPA | Robotic Process Automation | Micro Focus,https://www.microfocus.com/en-us/products/robotic-process-automation/overview,Robotic Process Automation (RPA) uses software robots to mimic human actions and automate everyday ...
Robotic Process Automation | What Is RPA Technology ...,https://www2.deloitte.com/uk/en/pages/innovation/solutions/robotic-process-automation.html,"Robotic Process Automation (RPA) uses software, commonly known as a 'robot', to capture and interpret ..."
RPA Finance and Accounting Automation | UiPath,https://www.uipath.com/solutions/process/finance-and-accounting-automation,RPA digitizes your F&A operations faster than you thought possible. Robotic Process Automation (RPA ...
RPA Solutions by Technology | UiPath,https://www.uipath.com/solutions/technology,The Holy Grail of RPA. UiPath has pioneered the screen scraping of running desktop apps with 100% accuracy ...
Intelligent Process Automation (IPA) - RPA & AI | UiPath,https://www.uipath.com/rpa/intelligent-process-automation,Read how UiPath created Intelligent Process Automation (IPA) solutions by using artificial intelligence (AI) to ...
Deloitte - RPA Use Cases in Professional Services | UiPath,https://www.uipath.com/resources/automation-case-studies/deloitte-professional-services-rpa,"Not all of those processes were working in its favor, however. Deloitte teams set out to use Robotic Process ..."
Accelerate Work from Home Routine with RPA Bots | UiPath,https://www.uipath.com/solutions/rpa-bots-remote-pack,RPA enables you to automate various tasks from an easy-to-use design studio—no technical experience ...
What is RPA (Robotic Process Automation) & Why Should You ...,https://www.appian.com/blog/what-is-robotic-process-automation-rpa/,"What is Robotic Process Automation (RPA)?. Michael Rahm. March 16, 2020. Share. As a quick Google ..."
RPA use cases & insights: How to use robotic automation | Pega,https://www.pega.com/rpa,"Robotic process automation (RPA) can be a fast, low-risk starting point for automating processes that rely on ..."
Differences Between AI And RPA - When To Use Both | UiPath,https://www.uipath.com/blog/ai-rpa-differences-when-to-use-them-together,"First, what is RPA? RPA is a core automation technology that acts as the backbone to software robots that ..."
What is RPA: An Introduction and Career Possibilities,https://www.simplilearn.com/tutorials/rpa-tutorial/what-is-rpa,RPA software tools; RPA growth projections. Let's start by defining RPA and understand what it is ...
How To Choose Which Processes To Automate With RPA ...,https://www.uipath.com/blog/5-factors-in-choosing-which-processes-to-automate,RPA can significantly improve business operations. Here are the five factors companies should consider when ...
RPA Solutions by Industry | UiPath,https://www.uipath.com/solutions/industry,"The RPA boost for the finance industry. ""RPA offers the ability to change business processes quite quickly ..."
RPA Overview for the C-Suite - Automation Quick Start Guide ...,https://www.uipath.com/blog/csuite-rpa-overview-quick-start-guide,"RPA has a lot of power and flexibility to offer, but it's far from the only tool in your automation toolbox. Instead ..."
How Does RPA Work? | What Is Robotic Process Automation ...,https://www.youtube.com/watch?v=5fn8QcIGJc0,RPA Training: https://www.edureka.co/robotic-process-automation-certification-courses This session ...
Human Capital and Robotic Process Automation (RPA ...,https://www2.deloitte.com/ch/en/pages/human-capital/solutions/human-capital-robotic-process-automation.html,Our Human Capital practice can support your organization in getting ready for Robotic Process Automation and ...
What is RPA (Robotic Process Automation)? | Emerj,https://emerj.com/ai-glossary-terms/what-is-rpa/,What is RPA (Robotic Process Automation)?. Robotic Process Automation is a type of business process ...
RPA in Government and Public Sector | Automation Anywhere,https://www.automationanywhere.com/solutions/public-sector,RPA (Robotic Process Automation) in the public sector and government by Automation Anywhere. Nonprofits ...
RPA Solutions for Finance | Automate Banking | Automation ...,https://www.automationanywhere.com/solutions/financial-services,"RPA robotic process automation is defining a new era in banking and finance with lower costs, greater ..."
Transforming Small Business with RPA | Automation Anywhere,https://www.automationanywhere.com/company/blog/learn-rpa/rpa-for-small-business-why-and-how-to-start,Discover how Community Edition and Automation Anywhere University can help you make the most of ...
Robotic Process Automation (RPA): how does it work ...,https://www.youtube.com/watch?v=xW95yb6J1eU,This demo shows how a process such as the creation of invoices is executed by an RPA tool. You will see how ...
RPA: How Easy Is It To Get Started? - ISG,https://isg-one.com/consulting/automation/articles/rpa-how-easy-is-it-to-get-started,Let's say your company just found out about robotic process automation (RPA) – software that automates data ...
Accounting Automation | RPA in Accounting | Automate ...,https://www.automationanywhere.com/solutions/finance-accounting,JUMPSTART FINANCE AND ACCOUNTING TRANSFORMATION WITH RPA. The future of finance processes ...
Robotic Process Automation at a Glance | Automation Anywhere,https://www.automationanywhere.com/company/blog/rpa-thought-leadership/robotic-process-automation-at-a-glance,What is RPA? The equivalent in the digital world is called Robotic Process Automation (RPA). RPA is a way ...
Business IT Collaboration with RPA | Automation Anywhere,https://www.automationanywhere.com/company/blog/rpa-thought-leadership/rpa-can-foster-improved-business-and-it-relationships,Intelligent automation is paving the way for business and IT to work together rather than doing an awkward ...
How RPA Developers Are Automating Their Personal Lives ...,https://www.uipath.com/community/rpa-community-blog/rpa-developers-automating-personal-lives,"In this post, we're presenting two RPA developers who've found ways to automate repetitive tasks. One ..."
RPA in Life Sciences | Automation Anywhere,https://www.automationanywhere.com/solutions/life-sciences,RPA and Artificial Intelligence (AI) is transforming life sciences and biopharma research to accelerate ...
RPA for the Banking industry - Banking Automation | UiPath,https://www.uipath.com/solutions/industry/banking-automation,RPA in banking rapidly reduces compliance backlogs. Watch this banking RPA use case to see how Federal ...
RPA for Public Sector - Public Sector Automation | UiPath,https://www.uipath.com/solutions/industry/public-sector-automation,RPA allows the Public Sector industry to prioritize human-centric services and declutter departments from ...
When RPA is NOT the Solution - ISG,https://isg-one.com/consulting/automation/articles/when-rpa-is-not-the-solution,When RPA is NOT the Solution. Categories: Consulting Robotic Process Automation (RPA). Scott.Heather ...
Robotic Process Automation | RPA for Legal - UiPath,https://www.uipath.com/solutions/process/legal,"Robotic Process Automation (RPA) frees professionals from repetitive and redundant tasks, so you can save ..."
Discover the Basics of RPA | Automation Anywhere,https://www.automationanywhere.com/company/blog/rpa-thought-leadership/what-is-rpa,What is RPA? How was it developed? What are its benefits for businesses? Find out in this guide.
RPA Testing 101: A Beginner's Guide to Automation Testing,https://isg-one.com/consulting/automation/articles/rpa-testing-101-a-beginner-s-guide-to-automation-testing,"Although RPA testing practices are similar to that of other types of software testing, they are different in other ..."
RPA and Chatbots: The Powerful Intersection of AI and RPA,https://servisbot.com/the-intersection-of-smart-bots-and-robotic-process-automation-rpa/,"RPA applies software robots or bots, to further automate processes, eliminating inefficiencies, cutting costs, and ..."
RPA | IST Networks,https://www.istnetworks.com/rpa/,Robotic Process Automation (RPA) is a technology that allows a computer program (or “robot”) to replicate ...
3 Ways RPA Boosts Productivity | Automation Anywhere,https://www.automationanywhere.com/company/blog/learn-rpa/three-ways-to-amplify-your-productivity-with-rpa,Robotic Process Automation (RPA) can improve human productivity exponentially while reducing errors and ...
Robotic Process Automation for Internal Audit: PwC,https://www.pwc.com/us/en/services/risk-assurance/library/robotic-process-automation-internal-audit.html,RPA: Opportunity and responsibility for internal audit. PwC estimates that 45% of workforce tasks can be ...
Robotic Process Automation | Deloitte Ireland,https://www2.deloitte.com/ie/en/pages/technology/articles/robotic-process-automation.html,Deloitte's Robotic Process Automation (RPA) offering can deliver automated and improved business ...
What is RPA - Robotic Process Automation - Tools and Example,https://intellipaat.com/blog/what-is-rpa/,"In this article of What is RPA - Robotic process automation, we will talk about how rpa works and what are ..."
Robotic Process Automation: What is RPA? - YouTube,https://www.youtube.com/watch?v=ZDKQAJuEQhY,"Robotic Process Automation (RPA) is a technology that allows a computer programme (or ""robot"") to ..."
RPA in HR Operations - HR Automation Benefits | UiPath,https://www.uipath.com/solutions/process/rpa-in-hr-operations,"Robotic Process Automation (RPA) frees a department from its repetitive and redundant tasks, so they can ..."
Non-developer Details Ease of RPA Platform | Automation ...,https://www.automationanywhere.com/company/blog/learn-rpa/myth-rpa-for-developers-only-a-non-developer-s-attempt-to-build-a-bot,Building a Robotic Process Automation (RPA) software bot to optimize your workflow doesn't have to be ...
RPA in Insurance | Automate Claims | Automation Anywhere,https://www.automationanywhere.com/solutions/insurance,"RPA robotic process automation for insurance is reducing costs, accelerating claims processing, customer ..."
Robotic Process Automation (RPA) Articles - ISG,https://isg-one.com/consulting/automation/articles/2,Recent headlines proclaiming “RPA is dead” should remind us of that famously incorrect headline we learned ...
Democratization of RPA - Future of Automation | UiPath,https://www.uipath.com/blog/future-of-automation-depends-on-democratization,There's a whole track dedicated to democratizing Robotic Process Automation (RPA). What does that mean ...
Introduction to UiPath,https://www.uipath.com/developers/video-tutorials/introduction-to-uipath,"A short presentation of the UiPath RPA platform, which covers Studio, Robots, and Orchestrator."
RPA: The Art of the Possible - ISG,https://isg-one.com/articles/rpa-the-art-of-the-possible,What is the difference between traditional automation and robotics process automation? Can a software robot ...
"The AI Wave is Beginning, But the RPA Wave is Breaking - ISG",https://isg-one.com/consulting/automation/articles/the-ai-wave-is-beginning-but-the-rpa-wave-is-breaking,"Robotic process automation (RPA) is crashing through the front door. At its most basic, RPA software moves ..."
Robotic Process Automation | RPA Tools | RPA Overview,https://naviant.com/robotic-process-automation/,What is Robotic Process Automation? RPA is software that unburdens your staff by automatically working on ...
Robotic Process Automation (RPA) - PwC,https://www.pwc.com/hu/en/szolgaltatasok/robotic_process_automation.html,Want to reduce time spent on manual tasks and focus your employees' talents on value-adding activities? RPA ...
10 Amazing Examples of Robotic Process Automation in ...,https://bernardmarr.com/default.asp?contentID=1909,What is robotic process automation (RPA)?. RPA is technology that can automate business processes that ...
A guide to Robotic Process Automation (RPA) | Process ...,https://www.processexcellencenetwork.com/rpa-artificial-intelligence/articles/a-guide-to-robotic-process-automation-rpa,Robotic Process Automation (RPA) is a software-based technology utilising software robots to emulate human ...
RPA Solutions for Telecom | Automate Telecommunication ...,https://www.automationanywhere.com/solutions/telecom,The telecom industry has expanded to include automation for both customer-focused operations as well as ...
What is Robotic Process Automation (RPA) | RPA Tutorial for ...,https://www.youtube.com/watch?v=n6nxTBB16ag,RPA Training using UiPath - https://www.edureka.co/robotic-process-automation-training ** ** RPA ...
What Is RPA? Your Guide To Robotic Process Automation ...,https://www.impactmybiz.com/blog/blog-rpa-your-guide-robotic-process-automation/,"More businesses are implementing robotic process automation solutions every year. But what is RPA, and ..."
How RPA Is Being Adopted by U.S. Government Agencies ...,https://www.uipath.com/blog/strong-rpa-acceptance-by-united-states-government,"A look at how RPA is changing how government works, and having a positive and direct impact on the mission ..."
3 RPA Bot Types to Improve Your Business | Automation ...,https://www.automationanywhere.com/company/blog/learn-rpa/three-bot-types-of-an-rpa-practice-that-scales,... types of software robots and how to apply them to drive your business forward and grow your Robotic Process ...
4 Ways Modern Manufacturing Is Being Improved by RPA ...,https://www.uipath.com/blog/4-ways-rpa-is-changing-modern-manufacturing,"To stay ahead of competitors, manufacturers must embrace cutting-edge technologies like Robotic Process ..."
Robotic Process Automation (RPA) for Tax | Deloitte US,https://www2.deloitte.com/us/en/pages/tax/solutions/tax-robotic-process-automation.html,Discover how robotic process automation (RPA) can help improve your organization. Tax automation ...
Top-5 Benefits of Robotics Process Automation (RPA ...,https://www.provintl.com/blog/top-5-benefits-of-robotics-process-automation-rpa-software,"Robotic Process Automation (RPA) works best with rule-based, regular tasks that require manual inputs. As ..."
"Finding Your RPA Use Cases, Pt. 1: 3 Ways Robots Can Do It ...",https://www.uipath.com/blog/rpa-use-cases-part-one-unattended-robots,Robotic Process Automation (RPA) presents an opportunity to transform the processes that lead to inefficiency ...
A Quick Guide to Robotics | AiiA - Intelligent Automation Network,https://www.aiia.net/process-rpa/articles/a-basic-guide-to-robotics,"Robotics is a branch of technology that designs, develops, and deploys robots, either in a hardware or software ..."
RPA and Cognitive Automation | Deloitte Ireland,https://www2.deloitte.com/ie/en/pages/technology/topics/RPA_Cognitive_Automation.html,Both Robotic Process Automation (RPA) and Cognitive Automation (CA) have the potential to make business ...
Hyperautomation Ready - Future of RPA | UiPath,https://www.uipath.com/blog/are-you-ready-for-hyperautomation,Discover how hyperautomation elevates automation with the combination of RPA and disruptive technologies ...
How Robotic Process Automation is Improving Marketing ...,https://www.uipath.com/blog/rpa-for-marketers,RPA For Marketers: How Marketers are Getting More Done with Software Robots. Last week ...
7 Uses of Robotic Process Automation (RPA) for SMBs in 2020,https://www.impactmybiz.com/blog/blog-7-uses-robotic-process-automation-rpa-2020/,"But, what are modern businesses using RPA automation to achieve? What benefits can it bring and why does ..."
RPA OCR – elevating process automation | NICE,https://www.nice.com/rpa/rpa-guide/rpa-ocr-elevating-process-automation/,Our new blog post explores why OCR within an RPA context is an essential feature for organizations in the ...
Breaking Analysis: Robotic Process Automation: Overhyped or ...,https://wikibon.com/robotic-process-automation-overhyped-or-the-next-big-thing/,"In this Breaking Analysis we take a deeper dive into the world of robotic process automation or RPA, one of ..."
Robotic Process Automation | Innovation Services | Deloitte ...,https://www2.deloitte.com/ch/en/pages/innovation/solutions/robotic-process-automation.html,"Robotic Process Automation (RPA) uses software, commonly known as a 'robot', to capture and interpret ..."
Robotic Process Automation (RPA) | Deloitte Portugal ...,https://www2.deloitte.com/pt/en/pages/strategy-operations/articles/robotic-process-automation.html,Robotic Process Automation (RPA) is an emerging technology that refers to software that can be easily ...
RPA Continues to Accelerate Finance and Accounting ...,https://www.uipath.com/blog/finance-accounting-transformation-rpa,Approximately 70% of UiPath customers start their automation journey in F&A processes. With our RPA ...
RPA Scholarship Program at AAU | Automation Anywhere,https://www.automationanywhere.com/company/blog/company-news/automation-anywhere-university-offers-scholarships-for-rpa-training,Learn RPA for free through Automation Anywhere University's Professional Development Scholarship ...
Pre-built RPA Bots | Software Robots for Purchase ...,https://www.automationanywhere.com/products/botstore,Pre-built rpa bots take the confusion out of building a software robot on your own. Browse our pre-programmed ...
6 Real World Use Cases for RPA in Healthcare - CiGen ...,https://www.cigen.com.au/cigenblog/6-real-world-use-cases-robotic-process-automation-rpa-healthcare,RPA use cases in healthcare like entering patients' blood test results in specific files and then consistently ...
RPA Streamlines Bank Collections Process | Automation ...,https://www.automationanywhere.com/solutions/covid-19/rpa-processes-bank-claims,"The COVID-19 pandemic disrupted claims for collections, but this Colombian bank maintained business ..."
How RPA Supports Digital Transformation - UiPath,https://www.uipath.com/blog/how-rpa-supports-digital-transformation,RPA is one of the technologies that is best able to help evolve digital transformation for companies across all ...
Robotic process automation and human capital: PwC,https://www.pwc.com/us/en/industries/financial-services/library/robotic-process-automation-human-capital.html,"When your firm deploys RPA, how will your workforce react? Managing people issues may be the key to a ..."
Robotic Process Automation Training | RPA Training Course,https://www.kausalvikash.in/robotic-process-automation-training/,"EmergenTeck best RPA Training in Mumbai, Noida & Pune will help you to break into your career in Robotic ..."
Robotic Process Automation | TELUS International,https://www.telusinternational.com/solutions/back-office/robotic-process-automation,"Robotic Process Automation has proven to increase productivity, employee satisfaction while decreasing ..."
Why Cloud? Why RPA-as-a-Service? - Automation Anywhere,https://www.automationanywhere.com/company/blog/product-insights/why-cloud-why-rpa-as-a-service,"Business continuity, working from home, and digital transformation are driving the increased popularity of cloud ..."
5 Common Pitfalls to Avoid With RPA Implementation - UiPath,https://www.uipath.com/blog/5-pitfalls-to-avoid-with-rpa-implementation,"It's a question we hear from many customers and prospects, either as they begin to evaluate Robotic Process ..."
Business Process Outsourcing BPO | Automation Anywhere,https://www.automationanywhere.com/solutions/bpo,STRATEGIC WITH RPA. Reduce Business Process Outsourcing (BPO) operating costs while generating ...
4 Key Components of RPA Success | Automation Anywhere,https://www.automationanywhere.com/company/blog/learn-rpa/how-to-set-up-guide-and-lead-an-effective-rpa-program,"You may be thinking, “We got RPA. Now what?” Discover four considerations to help you set up and lead an ..."
What is RPA: Robotic Process Automation - YouTube,https://www.youtube.com/watch?v=g-s-XXM2T_I,RPA (Robotic Process Automation) is the software technology that performs transactional activities in IT ...
Robotic Process Automation | Avanade,https://www.avanade.com/en/solutions/analytics-and-ai/robotic-process-automation,"Robotic process automation (RPA) is designed to handle those repetitive, routine, dreary and uninteresting ..."
Robotic Processed Automation (RPA) - Deloitte,https://www2.deloitte.com/se/sv/pages/technology/solutions/robotics.html,Deloitte's Robotic Process Automation (RPA) offering delivers automated and improved business processes ...
Federal Intelligent Automation Services | Accenture,https://www.accenture.com/us-en/services/us-federal-government/robotic-process-automation,Combining robotic process automation (RPA) with artificial intelligence (AI) offers new opportunities to ...
Robotic Process Automation Full Course - 10 Hours | RPA ...,https://www.youtube.com/watch?v=MBl-3Yb30FA,Edureka RPA Training (Use Code: YOUTUBE20) : https://www.edureka.co/robotic-process ...
Robotic Process Automation (RPA) | Pyramid Solutions,https://pyramidsolutions.com/solutions/robotic-process-automation-rpa/,"Robotic Process Automation (RPA) strategy, deployment and support services. Improve customer experience ..."
RPA & Smart Automation | Talan,https://talan.com/en/technologies/rpa-robotic-process-automation/,RPA & Smart Automation - Boost your efficiency and unleash your teams' productivity. In light of the crisis ...
Remote Working: What It Means For RPA (Robotic Process ...,https://www.forbes.com/sites/tomtaulli/2020/04/04/remote-working-what-it-means-for-rpa-robotic-process-automation/,Just look at RPA (Robotic Process Automation). The technology allows for fairly easy automation of repetitive ...
Robotic Process Automation | RPA Services for Beginners ...,https://smartbridge.com/automation/,"Is your business ready for automation? Explore how RPA services can help you automate mundane, repetitive ..."
Robotic Process Automation - Eliminate Repetitive Tasks,https://www.spheregen.com/rpa/,Robotic Process Automation (RPA) is one of the latest trends in business. Automate repetitive tasks and free ...
Introduction to RPA - Automation Anywhere Enterprise Video ...,https://www.linkedin.com/learning/rpa-automation-anywhere/introduction-to-rpa,Course details. Robotic process automation (RPA) is revolutionizing business processes everywhere ...
RPA Tutorial – Learn RPA from Developers - Intellipaat,https://intellipaat.com/blog/tutorial/rpa-tutorial/,rpa tutorial for beginners- This Robotic Process Automation tutorial will help you learn RPA and be a ...
Santander Consumer Bank Saves $2M with RPA | Automation ...,https://www.automationanywhere.com/solutions/financial-services/santander-consumer-bank,"Discover how the Nordic consumer bank, Santander, used RPA in front and back office processes to save $2M ..."
